Date;Price;Change %
4/1/2020;99.67;0.63%
4/2/2020;100.18;0.51%
4/3/2020;100.58;0.40%
4/6/2020;100.68;0.11%
4/7/2020;99.90;-0.78%
4/8/2020;100.12;0.22%
4/9/2020;99.52;-0.60%
4/10/2020;99.52;0.00%
04/13/2020;99.35;-0.17%
04/14/2020;98.89;-0.46%
04/15/2020;99.46;0.58%
04/16/2020;100.03;0.57%
04/17/2020;99.78;-0.24%
04/20/2020;99.96;0.17%
04/21/2020;100.26;0.30%
04/22/2020;100.39;0.13%
04/23/2020;100.43;0.04%
04/24/2020;100.38;-0.05%
04/27/2020;100.04;-0.34%
04/28/2020;99.86;-0.18%
04/29/2020;99.57;-0.30%
04/30/2020;99.02;-0.55%
5/1/2020;99.08;0.06%
5/4/2020;99.48;0.41%
5/5/2020;99.71;0.23%
5/6/2020;100.09;0.38%
5/7/2020;99.89;-0.20%
5/8/2020;99.73;-0.16%
5/11/2020;100.24;0.50%
5/12/2020;99.93;-0.30%
05/13/2020;100.24;0.31%
05/14/2020;100.47;0.22%
05/15/2020;100.40;-0.06%
05/18/2020;99.67;-0.73%
05/19/2020;99.37;-0.29%
05/20/2020;99.12;-0.25%
05/21/2020;99.37;0.25%
05/22/2020;99.86;0.50%
05/25/2020;99.86;0.00%
05/26/2020;98.91;-0.96%
05/27/2020;99.06;0.16%
05/28/2020;98.38;-0.69%
05/29/2020;98.34;-0.04%
6/1/2020;97.83;-0.52%
6/2/2020;97.67;-0.16%
6/3/2020;97.28;-0.41%
6/4/2020;96.68;-0.62%
6/5/2020;96.94;0.27%
6/8/2020;96.62;-0.33%
6/9/2020;96.32;-0.30%
6/10/2020;95.96;-0.38%
6/11/2020;96.73;0.81%
6/12/2020;97.32;0.61%
06/15/2020;96.71;-0.63%
06/16/2020;96.96;0.26%
06/17/2020;97.16;0.21%
06/18/2020;97.42;0.27%
06/19/2020;97.62;0.21%
06/22/2020;97.04;-0.60%
06/23/2020;96.65;-0.40%
06/24/2020;97.15;0.52%
06/25/2020;97.43;0.29%
06/26/2020;97.43;0.00%
06/29/2020;97.54;0.11%
06/30/2020;97.39;-0.15%
7/1/2020;97.20;-0.20%
7/2/2020;97.32;0.12%
7/3/2020;97.17;-0.15%
7/6/2020;96.72;-0.46%
7/7/2020;96.88;0.16%
7/8/2020;96.43;-0.47%
7/9/2020;96.70;0.28%
7/10/2020;96.65;-0.05%
07/13/2020;96.46;-0.19%
07/14/2020;96.26;-0.21%
07/15/2020;96.08;-0.18%
07/16/2020;96.35;0.28%
07/17/2020;95.94;-0.42%
07/20/2020;95.83;-0.11%
07/21/2020;95.12;-0.75%
07/22/2020;94.99;-0.14%
07/23/2020;94.69;-0.31%
07/24/2020;94.43;-0.27%
07/27/2020;93.67;-0.81%
07/28/2020;93.70;0.03%
07/29/2020;93.45;-0.26%
07/30/2020;93.02;-0.46%
07/31/2020;93.35;0.35%
8/3/2020;93.54;0.21%
8/4/2020;93.38;-0.17%
8/5/2020;92.87;-0.55%
8/6/2020;92.79;-0.09%
8/7/2020;93.43;0.70%
8/10/2020;93.58;0.16%
8/11/2020;93.63;0.05%
8/12/2020;93.44;-0.20%
08/13/2020;93.33;-0.12%
08/14/2020;93.10;-0.26%
08/17/2020;92.85;-0.26%
08/18/2020;92.27;-0.62%
08/19/2020;92.89;0.67%
08/20/2020;92.79;-0.10%
08/21/2020;93.25;0.49%
08/24/2020;93.30;0.05%
08/25/2020;93.02;-0.30%
08/26/2020;93.01;-0.01%
08/27/2020;93.00;0.00%
08/28/2020;92.37;-0.68%
08/31/2020;92.14;-0.25%
9/1/2020;92.34;0.21%
9/2/2020;92.85;0.55%
9/3/2020;92.74;-0.12%
9/4/2020;92.72;-0.02%
9/7/2020;92.72;0.00%
9/8/2020;93.44;0.78%
9/9/2020;93.25;-0.20%
9/10/2020;93.34;0.09%
9/11/2020;93.33;0.00%
09/14/2020;93.05;-0.30%
09/15/2020;93.05;0.00%
09/16/2020;93.21;0.18%
09/17/2020;92.97;-0.26%
09/18/2020;92.93;-0.05%
09/21/2020;93.66;0.79%
09/22/2020;93.99;0.35%
09/23/2020;94.39;0.43%
09/24/2020;94.35;-0.04%
09/25/2020;94.64;0.31%
09/28/2020;94.28;-0.38%
09/29/2020;93.89;-0.41%
09/30/2020;93.89;0.00%
10/1/2020;93.71;-0.19%
10/2/2020;93.84;0.14%
10/5/2020;93.51;-0.35%
10/6/2020;93.69;0.18%
10/7/2020;93.63;-0.06%
10/8/2020;93.61;-0.03%
10/9/2020;93.06;-0.59%
10/12/2020;93.07;0.01%
10/13/2020;93.53;0.50%
10/14/2020;93.38;-0.16%
10/15/2020;93.86;0.51%
10/16/2020;93.68;-0.19%
10/19/2020;93.43;-0.27%
10/20/2020;93.07;-0.39%
10/21/2020;92.61;-0.49%
10/22/2020;92.95;0.37%
10/23/2020;92.77;-0.20%
10/26/2020;93.04;0.30%
10/27/2020;92.94;-0.11%
10/28/2020;93.40;0.50%
10/29/2020;93.96;0.59%
10/30/2020;94.04;0.09%
11/2/2020;94.13;0.10%
11/3/2020;93.55;-0.61%
11/4/2020;93.41;-0.16%
11/5/2020;92.53;-0.94%
11/6/2020;92.23;-0.32%
11/9/2020;92.72;0.54%
11/10/2020;92.75;0.03%
11/11/2020;93.04;0.32%
11/12/2020;92.96;-0.09%
11/13/2020;92.75;-0.22%
11/16/2020;92.64;-0.12%
11/17/2020;92.42;-0.24%
11/18/2020;92.32;-0.11%
11/19/2020;92.29;-0.02%
11/20/2020;92.39;0.11%
11/23/2020;92.50;0.12%
11/24/2020;92.23;-0.30%
11/25/2020;91.99;-0.25%
11/26/2020;91.99;0.00%
11/27/2020;91.79;-0.22%
11/30/2020;91.87;0.09%
12/1/2020;91.31;-0.61%
12/2/2020;91.12;-0.21%
12/3/2020;90.71;-0.44%
12/4/2020;90.70;-0.01%
12/7/2020;90.79;0.10%
12/8/2020;90.96;0.19%
12/9/2020;91.09;0.13%
12/10/2020;90.82;-0.29%
12/11/2020;90.98;0.17%
12/14/2020;90.71;-0.29%
12/15/2020;90.47;-0.26%
12/16/2020;90.45;-0.03%
12/17/2020;89.82;-0.69%
12/18/2020;90.02;0.22%
12/21/2020;90.04;0.03%
12/22/2020;90.65;0.68%
12/23/2020;90.41;-0.27%
12/24/2020;90.32;-0.10%
12/25/2020;90.32;0.00%
12/28/2020;90.34;0.02%
12/29/2020;89.99;-0.38%
12/30/2020;89.68;-0.35%
12/31/2020;89.94;0.29%
1/1/2021;89.94;0.00%
1/4/2021;89.87;-0.08%
1/5/2021;89.44;-0.48%
1/6/2021;89.53;0.11%
1/7/2021;89.83;0.33%
1/8/2021;90.10;0.30%
1/11/2021;90.46;0.41%
1/12/2021;90.09;-0.41%
01/13/2021;90.36;0.29%
01/14/2021;90.24;-0.13%
01/15/2021;90.77;0.59%
01/18/2021;90.76;-0.01%
01/19/2021;90.50;-0.29%
01/20/2021;90.47;-0.03%
01/21/2021;90.13;-0.38%
01/22/2021;90.24;0.12%
01/25/2021;90.39;0.17%
01/26/2021;90.17;-0.24%
01/27/2021;90.65;0.53%
01/28/2021;90.46;-0.21%
01/29/2021;90.58;0.14%
2/1/2021;90.98;0.44%
2/2/2021;91.20;0.24%
2/3/2021;91.17;-0.03%
2/4/2021;91.53;0.39%
2/5/2021;91.04;-0.53%
2/8/2021;90.93;-0.12%
2/9/2021;90.44;-0.54%
2/10/2021;90.37;-0.08%
2/11/2021;90.42;0.05%
2/12/2021;90.48;0.07%
02/15/2021;90.48;0.00%
02/16/2021;90.51;0.03%
02/17/2021;90.95;0.49%
02/18/2021;90.59;-0.39%
02/19/2021;90.36;-0.25%
02/22/2021;90.01;-0.39%
02/23/2021;90.17;0.18%
02/24/2021;90.18;0.01%
02/25/2021;90.13;-0.05%
02/26/2021;90.88;0.83%
3/1/2021;91.04;0.18%
3/2/2021;90.79;-0.28%
3/3/2021;90.95;0.18%
3/4/2021;91.63;0.75%
3/5/2021;91.98;0.38%
3/8/2021;92.31;0.37%
3/9/2021;91.96;-0.38%
3/10/2021;91.82;-0.15%
3/11/2021;91.42;-0.44%
3/12/2021;91.68;0.28%
03/15/2021;91.83;0.17%
03/16/2021;91.86;0.03%
03/17/2021;91.44;-0.46%
03/18/2021;91.86;0.46%
03/19/2021;91.92;0.06%
03/22/2021;91.74;-0.19%
03/23/2021;92.34;0.65%
03/24/2021;92.53;0.21%
03/25/2021;92.53;0.00%
03/26/2021;92.77;0.26%
03/29/2021;92.94;0.19%
03/30/2021;93.30;0.38%
03/31/2021;93.23;-0.07%
4/1/2021;92.93;-0.32%
4/2/2021;93.02;0.10%
4/5/2021;92.60;-0.46%
4/6/2021;92.33;-0.28%
4/7/2021;92.46;0.13%
4/8/2021;92.06;-0.43%
4/9/2021;92.16;0.11%
4/12/2021;92.14;-0.03%
04/13/2021;91.85;-0.31%
04/14/2021;91.69;-0.18%
04/15/2021;91.69;0.00%
04/16/2021;91.56;-0.15%
04/19/2021;91.07;-0.53%
04/20/2021;91.24;0.19%
04/21/2021;91.15;-0.09%
04/22/2021;91.33;0.20%
04/23/2021;90.86;-0.52%
04/26/2021;90.81;-0.06%
04/27/2021;90.91;0.11%
04/28/2021;90.61;-0.33%
04/29/2021;90.61;0.00%
04/30/2021;91.28;0.73%
5/3/2021;90.94;-0.37%
5/4/2021;91.29;0.38%
5/5/2021;91.31;0.02%
5/6/2021;90.95;-0.39%
5/7/2021;90.23;-0.79%
5/10/2021;90.21;-0.02%
5/11/2021;90.14;-0.08%
5/12/2021;90.71;0.63%
05/13/2021;90.75;0.04%
05/14/2021;90.32;-0.47%
05/17/2021;90.16;-0.17%
05/18/2021;89.75;-0.46%
05/19/2021;90.19;0.49%
05/20/2021;89.81;-0.42%
05/21/2021;90.02;0.23%
05/24/2021;89.84;-0.19%
05/25/2021;89.64;-0.23%
05/26/2021;90.04;0.45%
05/27/2021;89.97;-0.08%
05/28/2021;90.03;0.07%
05/31/2021;90.03;0.00%
6/1/2021;89.83;-0.22%
6/2/2021;89.91;0.09%
6/3/2021;90.51;0.67%
6/4/2021;90.14;-0.42%
6/7/2021;89.95;-0.21%
6/8/2021;90.08;0.14%
6/9/2021;90.12;0.05%
6/10/2021;90.07;-0.05%
6/11/2021;90.56;0.53%
06/14/2021;90.52;-0.04%
06/15/2021;90.54;0.02%
06/16/2021;91.13;0.65%
06/17/2021;91.89;0.83%
06/18/2021;92.22;0.37%
06/21/2021;91.90;-0.35%
06/22/2021;91.76;-0.16%
06/23/2021;91.80;0.05%
06/24/2021;91.81;0.01%
06/25/2021;91.85;0.04%
06/28/2021;91.89;0.04%
06/29/2021;92.05;0.18%
06/30/2021;92.44;0.42%
7/1/2021;92.60;0.17%
7/2/2021;92.23;-0.40%
7/5/2021;92.21;-0.02%
7/6/2021;92.55;0.36%
7/7/2021;92.64;0.11%
7/8/2021;92.42;-0.25%
7/9/2021;92.13;-0.31%
7/12/2021;92.26;0.14%
07/13/2021;92.75;0.53%
07/14/2021;92.41;-0.37%
07/15/2021;92.62;0.23%
07/16/2021;92.69;0.07%
07/19/2021;92.89;0.22%
07/20/2021;92.97;0.09%
07/21/2021;92.75;-0.24%
07/22/2021;92.82;0.07%
07/23/2021;92.91;0.10%
07/26/2021;92.65;-0.28%
07/27/2021;92.43;-0.23%
07/28/2021;92.32;-0.12%
07/29/2021;91.86;-0.50%
07/30/2021;92.17;0.34%
8/2/2021;92.05;-0.14%
8/3/2021;92.08;0.04%
8/4/2021;92.27;0.21%
8/5/2021;92.24;-0.03%
8/6/2021;92.80;0.60%
8/9/2021;92.94;0.16%
8/10/2021;93.06;0.12%
8/11/2021;92.92;-0.14%
8/12/2021;93.04;0.12%
08/13/2021;92.52;-0.56%
08/16/2021;92.63;0.12%
08/17/2021;93.13;0.54%
08/18/2021;93.14;0.01%
08/19/2021;93.57;0.46%
08/20/2021;93.50;-0.08%
08/23/2021;92.96;-0.58%
08/24/2021;92.89;-0.07%
08/25/2021;92.82;-0.07%
08/26/2021;93.06;0.26%
08/27/2021;92.69;-0.40%
08/30/2021;92.65;-0.04%
08/31/2021;92.63;-0.03%
9/1/2021;92.45;-0.19%
9/2/2021;92.22;-0.24%
9/3/2021;92.04;-0.21%
9/6/2021;92.04;0.00%
9/7/2021;92.51;0.52%
9/8/2021;92.65;0.15%
9/9/2021;92.48;-0.19%
9/10/2021;92.58;0.11%
09/13/2021;92.68;0.10%
09/14/2021;92.62;-0.06%
09/15/2021;92.55;-0.08%
09/16/2021;92.93;0.41%
09/17/2021;93.19;0.28%
09/20/2021;93.28;0.09%
09/21/2021;93.20;-0.08%
09/22/2021;93.46;0.28%
09/23/2021;93.03;-0.46%
09/24/2021;93.33;0.32%
09/27/2021;93.38;0.06%
09/28/2021;93.77;0.41%
09/29/2021;94.34;0.61%
09/30/2021;94.23;-0.11%
10/1/2021;94.04;-0.21%
10/4/2021;93.78;-0.28%
10/5/2021;93.97;0.21%
10/6/2021;94.27;0.31%
10/7/2021;94.22;-0.05%
10/8/2021;94.07;-0.16%
10/11/2021;94.32;0.26%
10/12/2021;94.52;0.21%
10/13/2021;94.08;-0.46%
10/14/2021;93.96;-0.13%
10/15/2021;93.94;-0.02%
10/18/2021;93.95;0.02%
10/19/2021;93.73;-0.23%
10/20/2021;93.56;-0.19%
10/21/2021;93.77;0.23%
10/22/2021;93.64;-0.14%
10/25/2021;93.81;0.18%
10/26/2021;93.95;0.14%
10/27/2021;93.80;-0.16%
10/28/2021;93.35;-0.49%
10/29/2021;94.12;0.83%
11/1/2021;93.88;-0.26%
11/2/2021;94.09;0.22%
11/3/2021;93.86;-0.24%
11/4/2021;94.35;0.51%
11/5/2021;94.32;-0.03%
11/8/2021;94.05;-0.29%
11/9/2021;93.96;-0.10%
11/10/2021;94.85;0.95%
11/11/2021;95.18;0.35%
11/12/2021;95.13;-0.05%
11/15/2021;95.41;0.29%
11/16/2021;95.92;0.53%
11/17/2021;95.83;-0.09%
11/18/2021;95.54;-0.30%
11/19/2021;96.03;0.51%
11/22/2021;96.55;0.54%
11/23/2021;96.49;-0.06%
11/24/2021;96.88;0.40%
11/25/2021;96.77;-0.10%
11/26/2021;96.09;-0.71%
11/29/2021;96.34;0.26%
11/30/2021;95.99;-0.36%
12/1/2021;96.03;0.04%
12/2/2021;96.16;0.13%
12/3/2021;96.12;-0.04%
12/6/2021;96.33;0.22%
12/7/2021;96.37;0.04%
12/8/2021;95.89;-0.49%
12/9/2021;96.27;0.39%
12/10/2021;96.10;-0.18%
12/13/2021;96.32;0.23%
12/14/2021;96.57;0.26%
12/15/2021;96.51;-0.06%
12/16/2021;96.04;-0.49%
12/17/2021;96.57;0.54%
12/20/2021;96.55;-0.01%
12/21/2021;96.49;-0.06%
12/22/2021;96.08;-0.43%
12/23/2021;96.02;-0.06%
12/27/2021;96.09;0.08%
12/28/2021;96.20;0.11%
12/29/2021;95.93;-0.28%
12/30/2021;95.97;0.04%
12/31/2021;95.97;0.00%
1/3/2022;96.21;0.26%
1/4/2022;96.26;0.05%
1/5/2022;96.17;-0.09%
1/6/2022;96.32;0.15%
1/7/2022;95.72;-0.62%
1/10/2022;95.99;0.28%
1/11/2022;95.62;-0.38%
1/12/2022;94.92;-0.74%
01/13/2022;94.79;-0.13%
01/14/2022;95.17;0.40%
01/17/2022;95.26;0.10%
01/18/2022;95.73;0.50%
01/19/2022;95.51;-0.23%
01/20/2022;95.74;0.24%
01/21/2022;95.64;-0.10%
01/24/2022;95.92;0.29%
01/25/2022;95.95;0.03%
01/26/2022;96.39;0.46%
01/27/2022;97.25;0.90%
01/28/2022;97.27;0.02%
01/31/2022;96.54;-0.75%
2/1/2022;96.39;-0.16%
2/2/2022;95.94;-0.47%
2/3/2022;95.38;-0.58%
2/4/2022;95.49;0.11%
2/7/2022;95.40;-0.09%
2/8/2022;95.64;0.26%
2/9/2022;95.49;-0.16%
2/10/2022;95.55;0.06%
2/11/2022;96.08;0.55%
02/14/2022;96.37;0.30%
02/15/2022;95.99;-0.40%
02/16/2022;95.70;-0.30%
02/17/2022;95.80;0.10%
02/18/2022;96.04;0.25%
02/21/2022;96.08;0.04%
02/22/2022;96.03;-0.06%
02/23/2022;96.19;0.17%
02/24/2022;97.14;0.98%
02/25/2022;96.61;-0.54%
02/28/2022;96.71;0.10%
3/1/2022;97.41;0.73%
3/2/2022;97.39;-0.02%
3/3/2022;97.79;0.41%
3/4/2022;98.65;0.88%
3/7/2022;99.29;0.65%
3/8/2022;99.06;-0.23%
3/9/2022;97.97;-1.10%
3/10/2022;98.51;0.55%
3/11/2022;99.12;0.63%
03/14/2022;99.00;-0.13%
03/15/2022;99.10;0.10%
03/16/2022;98.62;-0.48%
03/17/2022;97.97;-0.65%
03/18/2022;98.23;0.26%
03/21/2022;98.50;0.27%
03/22/2022;98.49;-0.01%
03/23/2022;98.62;0.13%
03/24/2022;98.79;0.17%
03/25/2022;98.79;0.00%
03/28/2022;99.09;0.31%
03/29/2022;98.40;-0.69%
03/30/2022;97.79;-0.62%
03/31/2022;98.31;0.53%
4/1/2022;98.63;0.33%
4/4/2022;99.00;0.37%
4/5/2022;99.47;0.48%
4/6/2022;99.60;0.13%
4/7/2022;99.75;0.15%
4/8/2022;99.80;0.05%
4/11/2022;99.93;0.14%
4/12/2022;100.29;0.36%
04/13/2022;99.88;-0.42%
04/14/2022;100.32;0.45%
04/15/2022;100.32;0.00%
04/18/2022;100.78;0.46%
04/19/2022;100.96;0.18%
04/20/2022;100.39;-0.57%
04/21/2022;100.58;0.19%
04/22/2022;101.22;0.64%
04/25/2022;101.75;0.53%
04/26/2022;102.30;0.54%
04/27/2022;102.95;0.64%
04/28/2022;103.62;0.65%
04/29/2022;102.96;-0.64%
5/2/2022;103.74;0.76%
5/3/2022;103.46;-0.27%
5/4/2022;102.59;-0.85%
5/5/2022;103.75;1.14%
5/6/2022;103.66;-0.09%
5/9/2022;103.65;-0.01%
5/10/2022;103.92;0.26%
5/11/2022;103.85;-0.07%
5/12/2022;104.85;0.97%
05/13/2022;104.56;-0.27%
05/16/2022;104.19;-0.36%
05/17/2022;103.36;-0.79%
05/18/2022;103.81;0.44%
05/19/2022;102.72;-1.05%
05/20/2022;103.15;0.41%
05/23/2022;102.08;-1.04%
05/24/2022;101.86;-0.21%
05/25/2022;102.06;0.20%
05/26/2022;101.83;-0.22%
05/27/2022;101.67;-0.16%
05/30/2022;101.67;0.00%
05/31/2022;101.75;0.08%
6/1/2022;102.50;0.73%
6/2/2022;101.82;-0.66%
6/3/2022;102.14;0.31%
6/6/2022;102.44;0.29%
6/7/2022;102.32;-0.12%
6/8/2022;102.54;0.22%
6/9/2022;103.22;0.66%
6/10/2022;104.15;0.90%
06/13/2022;105.08;0.89%
06/14/2022;105.52;0.42%
06/15/2022;105.16;-0.34%
06/16/2022;103.63;-1.45%
06/17/2022;104.70;1.03%
06/20/2022;104.70;0.00%
06/21/2022;104.43;-0.25%
06/22/2022;104.20;-0.23%
06/23/2022;104.43;0.22%
06/24/2022;104.18;-0.24%
06/27/2022;103.94;-0.24%
06/28/2022;104.51;0.55%
06/29/2022;105.11;0.57%
06/30/2022;104.68;-0.40%
7/1/2022;105.14;0.43%
7/4/2022;105.14;0.00%
7/5/2022;106.54;1.33%
7/6/2022;107.10;0.53%
7/7/2022;107.13;0.03%
7/8/2022;107.01;-0.11%
7/11/2022;108.02;0.95%
7/12/2022;108.07;0.05%
07/13/2022;107.96;-0.11%
07/14/2022;108.54;0.54%
07/15/2022;108.06;-0.44%
07/18/2022;107.37;-0.64%
07/19/2022;106.68;-0.64%
07/20/2022;107.08;0.37%
07/21/2022;106.91;-0.16%
07/22/2022;106.73;-0.17%
07/25/2022;106.48;-0.23%
07/26/2022;107.19;0.66%
07/27/2022;106.45;-0.69%
07/28/2022;106.35;-0.09%
07/29/2022;105.90;-0.42%
8/1/2022;105.45;-0.43%
8/2/2022;106.24;0.75%
8/3/2022;106.51;0.25%
8/4/2022;105.69;-0.76%
8/5/2022;106.62;0.88%
8/8/2022;106.43;-0.17%
8/9/2022;106.37;-0.06%
8/10/2022;105.20;-1.11%
8/11/2022;105.09;-0.10%
8/12/2022;105.63;0.51%
08/15/2022;106.55;0.87%
08/16/2022;106.50;-0.04%
08/17/2022;106.57;0.07%
08/18/2022;107.48;0.85%
08/19/2022;108.17;0.64%
08/22/2022;109.05;0.81%
08/23/2022;108.62;-0.39%
08/24/2022;108.68;0.05%
08/25/2022;108.47;-0.19%
08/26/2022;108.80;0.31%
08/29/2022;108.83;0.03%
08/30/2022;108.77;-0.06%
08/31/2022;108.70;-0.07%
9/1/2022;109.69;0.91%
9/2/2022;109.53;-0.14%
9/5/2022;109.83;0.27%
9/6/2022;110.21;0.35%
9/7/2022;109.84;-0.34%
9/8/2022;109.71;-0.12%
9/9/2022;109.00;-0.64%
9/12/2022;108.33;-0.62%
09/13/2022;109.82;1.37%
09/14/2022;109.66;-0.14%
09/15/2022;109.74;0.07%
09/16/2022;109.76;0.02%
09/19/2022;109.74;-0.02%
09/20/2022;110.21;0.44%
09/21/2022;110.64;0.39%
09/22/2022;111.35;0.64%
09/23/2022;113.19;1.65%
09/26/2022;114.10;0.80%
09/27/2022;114.11;0.00%
09/28/2022;112.60;-1.32%
09/29/2022;112.25;-0.31%
09/30/2022;112.12;-0.12%
10/3/2022;111.75;-0.33%
10/4/2022;110.07;-1.50%
10/5/2022;111.07;0.92%
10/6/2022;112.26;1.07%
10/7/2022;112.79;0.48%
10/10/2022;113.14;0.31%
10/11/2022;113.22;0.07%
10/12/2022;113.32;0.09%
10/13/2022;112.36;-0.84%
10/14/2022;113.31;0.84%
10/17/2022;112.04;-1.12%
10/18/2022;112.13;0.08%
10/19/2022;112.98;0.76%
10/20/2022;112.88;-0.09%
10/21/2022;112.01;-0.77%
10/24/2022;111.99;-0.02%
10/25/2022;110.95;-0.93%
10/26/2022;109.70;-1.13%
10/27/2022;110.59;0.81%
10/28/2022;110.75;0.15%
10/31/2022;111.53;0.70%
11/1/2022;111.48;-0.04%
11/2/2022;111.35;-0.12%
11/3/2022;112.93;1.42%
11/4/2022;110.88;-1.82%
11/7/2022;110.12;-0.68%
11/8/2022;109.64;-0.44%
11/9/2022;110.55;0.83%
11/10/2022;108.21;-2.12%
11/11/2022;106.29;-1.77%
11/14/2022;106.66;0.35%
11/15/2022;106.40;-0.24%
11/16/2022;106.28;-0.12%
11/17/2022;106.69;0.39%
11/18/2022;106.93;0.22%
11/21/2022;107.83;0.85%
11/22/2022;107.22;-0.57%
11/23/2022;106.08;-1.07%
11/24/2022;105.82;-0.24%
11/25/2022;105.96;0.13%
11/28/2022;106.68;0.68%
11/29/2022;106.82;0.13%
11/30/2022;105.95;-0.82%
12/1/2022;104.73;-1.15%
12/2/2022;104.54;-0.17%
12/5/2022;105.29;0.71%
12/6/2022;105.58;0.27%
12/7/2022;105.10;-0.45%
12/8/2022;104.77;-0.31%
12/9/2022;104.81;0.03%
12/12/2022;105.13;0.31%
12/13/2022;103.98;-1.09%
12/14/2022;103.77;-0.20%
12/15/2022;104.56;0.76%
12/16/2022;104.70;0.14%
12/19/2022;104.72;0.02%
12/20/2022;103.96;-0.72%
12/21/2022;104.16;0.19%
12/22/2022;104.43;0.26%
12/23/2022;104.31;-0.11%
12/25/2022;104.32;0.01%
12/27/2022;104.18;-0.14%
12/28/2022;104.46;0.27%
12/29/2022;103.84;-0.60%
12/30/2022;103.52;-0.30%
1/1/2023;103.49;-0.03%
1/3/2023;104.52;0.99%
1/4/2023;104.25;-0.26%
1/5/2023;105.04;0.76%
1/6/2023;103.88;-1.11%
1/9/2023;103.00;-0.85%
1/10/2023;103.24;0.23%
1/11/2023;103.19;-0.05%
1/12/2023;102.25;-0.91%
01/13/2023;102.20;-0.04%
01/16/2023;102.27;0.06%
01/17/2023;102.39;0.12%
01/18/2023;102.36;-0.03%
01/19/2023;102.06;-0.30%
01/20/2023;102.01;-0.05%
01/23/2023;102.14;0.12%
01/24/2023;101.92;-0.22%
01/25/2023;101.64;-0.27%
01/26/2023;101.84;0.19%
01/27/2023;101.93;0.09%
01/30/2023;102.28;0.34%
01/31/2023;102.10;-0.18%
2/1/2023;101.22;-0.86%
2/2/2023;101.75;0.53%
2/3/2023;102.92;1.14%
2/6/2023;103.62;0.69%
2/7/2023;103.43;-0.19%
2/8/2023;103.41;-0.02%
2/9/2023;103.22;-0.18%
2/10/2023;103.63;0.40%
02/13/2023;103.35;-0.28%
02/14/2023;103.23;-0.11%
02/15/2023;103.92;0.67%
02/16/2023;103.86;-0.06%
02/17/2023;103.86;0.01%
02/20/2023;103.86;0.00%
02/21/2023;104.18;0.31%
02/22/2023;104.58;0.39%
02/23/2023;104.60;0.01%
02/24/2023;105.21;0.59%
02/27/2023;104.67;-0.51%
02/28/2023;104.87;0.19%
3/1/2023;104.48;-0.37%
3/2/2023;105.03;0.52%
3/3/2023;104.52;-0.48%
3/6/2023;104.35;-0.16%
3/7/2023;105.61;1.21%
3/8/2023;105.66;0.04%
3/9/2023;105.31;-0.33%
3/10/2023;104.58;-0.70%
03/13/2023;103.60;-0.94%
03/14/2023;103.60;0.00%
03/15/2023;104.65;1.01%
03/16/2023;104.42;-0.22%
03/17/2023;103.71;-0.68%
03/20/2023;103.28;-0.41%
03/21/2023;103.26;-0.02%
03/22/2023;102.35;-0.88%
03/23/2023;102.53;0.18%
03/24/2023;103.12;0.57%
03/27/2023;102.86;-0.25%
03/28/2023;102.43;-0.42%
03/29/2023;102.64;0.21%
03/30/2023;102.14;-0.48%
03/31/2023;102.51;0.35%
4/3/2023;102.09;-0.40%
4/4/2023;101.59;-0.50%
4/5/2023;101.85;0.26%
4/6/2023;101.82;-0.03%
4/7/2023;102.09;0.27%
4/10/2023;102.58;0.48%
4/11/2023;102.20;-0.36%
4/12/2023;101.50;-0.69%
04/13/2023;101.01;-0.48%
04/14/2023;101.55;0.54%
04/17/2023;102.10;0.54%
04/18/2023;101.75;-0.35%
04/19/2023;101.97;0.22%
04/20/2023;101.84;-0.13%
04/21/2023;101.82;-0.02%
04/24/2023;101.35;-0.47%
04/25/2023;101.86;0.51%
04/26/2023;101.47;-0.39%
04/27/2023;101.50;0.04%
04/28/2023;101.66;0.15%
5/1/2023;102.15;0.48%
5/2/2023;101.96;-0.19%
5/3/2023;101.34;-0.60%
5/4/2023;101.40;0.06%
5/5/2023;101.21;-0.18%
5/8/2023;101.38;0.16%
5/9/2023;101.61;0.22%
5/10/2023;101.48;-0.13%
5/11/2023;102.06;0.57%
5/12/2023;102.68;0.61%
05/15/2023;102.43;-0.24%
05/16/2023;102.56;0.13%
05/17/2023;102.88;0.31%
05/18/2023;103.58;0.68%
05/19/2023;103.20;-0.37%
05/22/2023;103.20;0.00%
05/23/2023;103.49;0.28%
05/24/2023;103.89;0.39%
05/25/2023;104.25;0.35%
05/26/2023;104.21;-0.04%
05/29/2023;104.26;0.06%
05/30/2023;104.17;-0.09%
05/31/2023;104.33;0.15%
6/1/2023;103.56;-0.73%
6/2/2023;104.01;0.44%
6/5/2023;104.00;-0.01%
6/6/2023;104.13;0.12%
6/7/2023;104.10;-0.02%
6/8/2023;103.34;-0.73%
6/9/2023;103.56;0.21%
6/12/2023;103.65;0.09%
06/13/2023;103.34;-0.30%
06/14/2023;102.95;-0.38%
06/15/2023;102.11;-0.81%
06/16/2023;102.24;0.13%
06/19/2023;102.52;0.27%
06/20/2023;102.54;0.02%
06/21/2023;102.07;-0.46%
06/22/2023;102.39;0.31%
06/23/2023;102.90;0.50%
06/26/2023;102.69;-0.21%
06/27/2023;102.49;-0.19%
06/28/2023;102.90;0.40%
06/29/2023;103.34;0.42%
06/30/2023;102.91;-0.42%
7/3/2023;102.96;0.05%
7/4/2023;103.04;0.07%
7/5/2023;103.37;0.32%
7/6/2023;103.07;-0.29%
7/7/2023;102.27;-0.77%
7/10/2023;101.97;-0.29%
7/11/2023;101.73;-0.24%
7/12/2023;100.52;-1.19%
07/13/2023;99.77;-0.75%
07/14/2023;99.91;0.14%
07/17/2023;99.84;-0.07%
07/18/2023;99.94;0.10%
07/19/2023;100.28;0.34%
07/20/2023;100.88;0.60%
07/21/2023;101.07;0.19%
07/24/2023;101.35;0.27%
07/25/2023;101.35;0.00%
07/26/2023;100.89;-0.46%
07/27/2023;101.77;0.88%
07/28/2023;101.62;-0.15%
07/31/2023;101.86;0.23%
8/1/2023;102.30;0.44%
8/2/2023;102.59;0.28%
8/3/2023;102.54;-0.05%
8/4/2023;102.02;-0.51%
8/7/2023;102.05;0.03%
8/8/2023;102.53;0.47%
8/9/2023;102.49;-0.04%
8/10/2023;102.52;0.03%
8/11/2023;102.84;0.31%
08/14/2023;103.19;0.34%
08/15/2023;103.21;0.02%
08/16/2023;103.43;0.22%
08/17/2023;103.57;0.14%
08/18/2023;103.38;-0.19%
08/21/2023;103.30;-0.07%
08/22/2023;103.56;0.25%
08/23/2023;103.42;-0.14%
08/24/2023;103.98;0.54%
08/25/2023;104.08;0.09%
08/28/2023;104.06;-0.02%
08/29/2023;103.53;-0.51%
08/30/2023;103.16;-0.36%
08/31/2023;103.62;0.45%
9/1/2023;104.24;0.60%
9/4/2023;104.24;0.00%
9/5/2023;104.81;0.55%
9/6/2023;104.86;0.05%
9/7/2023;105.06;0.19%
9/8/2023;105.09;0.03%
9/11/2023;104.57;-0.50%
9/12/2023;104.71;0.14%
09/13/2023;104.77;0.05%
09/14/2023;105.40;0.61%
09/15/2023;105.32;-0.08%
09/18/2023;105.20;-0.11%
09/19/2023;105.16;-0.04%
09/20/2023;105.12;-0.04%
09/21/2023;105.36;0.23%
09/22/2023;105.58;0.21%
09/25/2023;106.00;0.39%
09/26/2023;106.23;0.22%
09/27/2023;106.67;0.41%
09/28/2023;106.22;-0.41%
09/29/2023;106.22;0.00%
10/2/2023;106.90;0.64%
10/3/2023;107.00;0.09%
10/4/2023;106.80;-0.19%
10/5/2023;106.33;-0.44%
10/6/2023;106.04;-0.27%
10/9/2023;106.08;0.04%
10/10/2023;105.82;-0.24%
10/11/2023;105.82;0.00%
10/12/2023;106.60;0.74%
10/13/2023;106.65;0.05%
10/16/2023;106.24;-0.38%
10/17/2023;106.25;0.01%
10/18/2023;106.57;0.30%
10/19/2023;106.25;-0.29%
10/20/2023;106.16;-0.08%
10/23/2023;105.54;-0.59%
10/24/2023;106.27;0.70%
10/25/2023;106.53;0.24%
10/26/2023;106.60;0.07%
10/27/2023;106.56;-0.04%
10/30/2023;106.12;-0.41%
10/31/2023;106.66;0.51%
11/1/2023;106.88;0.21%
11/2/2023;106.12;-0.71%
11/3/2023;105.02;-1.04%
11/6/2023;105.21;0.18%
11/7/2023;105.54;0.31%
11/8/2023;105.59;0.05%
11/9/2023;105.91;0.30%
11/10/2023;105.86;-0.05%
11/13/2023;105.63;-0.22%
11/14/2023;104.05;-1.49%
11/15/2023;104.39;0.33%
11/16/2023;104.35;-0.04%
11/17/2023;103.92;-0.41%
11/20/2023;103.44;-0.46%
11/21/2023;103.57;0.12%
11/22/2023;103.92;0.34%
11/23/2023;103.77;-0.15%
11/24/2023;103.40;-0.35%
11/27/2023;103.20;-0.20%
11/28/2023;102.75;-0.44%
11/29/2023;102.76;0.02%
11/30/2023;103.50;0.71%
12/1/2023;103.27;-0.22%
12/4/2023;103.71;0.43%
12/5/2023;104.05;0.33%
12/6/2023;104.15;0.10%
12/7/2023;103.54;-0.59%
12/8/2023;104.01;0.45%
12/11/2023;104.10;0.08%
12/12/2023;103.86;-0.22%
12/13/2023;102.87;-0.96%
12/14/2023;101.96;-0.89%
12/15/2023;102.55;0.58%
12/18/2023;102.56;0.01%
12/19/2023;102.17;-0.38%
12/20/2023;102.41;0.24%
12/21/2023;101.84;-0.55%
12/22/2023;101.70;-0.14%
12/24/2023;101.71;0.01%
12/26/2023;101.47;-0.24%
12/27/2023;100.99;-0.47%
12/28/2023;101.23;0.24%
12/29/2023;101.33;0.10%
12/31/2023;101.38;0.05%
1/2/2024;102.20;0.81%
1/3/2024;102.49;0.29%
1/4/2024;102.42;-0.07%
1/5/2024;102.41;-0.01%
1/8/2024;102.21;-0.20%
1/9/2024;102.57;0.35%
1/10/2024;102.36;-0.20%
1/11/2024;102.29;-0.07%
1/12/2024;102.40;0.11%
01/15/2024;102.40;0.00%
01/16/2024;103.36;0.93%
01/17/2024;103.45;0.09%
01/18/2024;103.54;0.08%
01/19/2024;103.29;-0.24%
01/22/2024;103.33;0.04%
01/23/2024;103.62;0.28%
01/24/2024;103.24;-0.37%
01/25/2024;103.57;0.33%
01/26/2024;103.43;-0.14%
01/29/2024;103.61;0.17%
01/30/2024;103.40;-0.20%
01/31/2024;103.27;-0.12%
2/1/2024;103.05;-0.22%
2/2/2024;103.92;0.85%
2/5/2024;104.45;0.51%
2/6/2024;104.21;-0.23%
2/7/2024;104.06;-0.15%
2/8/2024;104.17;0.10%
2/9/2024;104.11;-0.05%
2/12/2024;104.17;0.06%
02/13/2024;104.96;0.76%
02/14/2024;104.72;-0.23%
02/15/2024;104.30;-0.41%
02/16/2024;104.30;0.00%
02/19/2024;104.29;0.00%
02/20/2024;104.08;-0.20%
02/21/2024;104.01;-0.07%
02/22/2024;103.96;-0.05%
02/23/2024;103.94;-0.02%
02/26/2024;103.83;-0.10%
02/27/2024;103.83;0.00%
02/28/2024;103.97;0.14%
02/29/2024;104.16;0.17%
3/1/2024;103.86;-0.28%
3/4/2024;103.83;-0.03%
3/5/2024;103.80;-0.03%
3/6/2024;103.37;-0.41%
3/7/2024;102.82;-0.53%
3/8/2024;102.71;-0.11%
3/11/2024;102.87;0.15%
3/12/2024;102.96;0.09%
03/13/2024;102.79;-0.16%
03/14/2024;103.36;0.56%
03/15/2024;103.43;0.07%
03/18/2024;103.59;0.16%
03/19/2024;103.84;0.24%
03/20/2024;103.41;-0.41%
03/21/2024;104.00;0.57%
03/22/2024;104.47;0.45%
03/25/2024;104.24;-0.23%
03/26/2024;104.29;0.06%
03/27/2024;104.35;0.05%
03/28/2024;104.55;0.19%
03/29/2024;104.55;0.00%
4/1/2024;105.02;0.45%
4/2/2024;104.82;-0.19%
4/3/2024;104.25;-0.54%
4/4/2024;104.12;-0.12%
4/5/2024;104.30;0.17%
4/8/2024;104.14;-0.15%
4/9/2024;104.15;0.01%
4/10/2024;105.25;1.05%
4/11/2024;105.28;0.04%
4/12/2024;106.04;0.72%
04/15/2024;106.21;0.16%
04/16/2024;106.26;0.05%
04/17/2024;105.95;-0.29%
04/18/2024;106.15;0.19%
04/19/2024;106.15;0.00%
04/22/2024;106.08;-0.07%
04/23/2024;105.68;-0.38%
04/24/2024;105.86;0.17%
04/25/2024;105.60;-0.24%
04/26/2024;105.94;0.32%
04/29/2024;105.58;-0.34%
04/30/2024;106.22;0.61%
5/1/2024;105.75;-0.44%
5/2/2024;105.30;-0.43%
5/3/2024;105.03;-0.26%
5/6/2024;105.05;0.02%
5/7/2024;105.41;0.34%
5/8/2024;105.55;0.13%
5/9/2024;105.23;-0.30%
5/10/2024;105.30;0.07%
05/13/2024;105.22;-0.08%
05/14/2024;105.01;-0.19%
05/15/2024;104.35;-0.64%
05/16/2024;104.46;0.11%
05/17/2024;104.44;-0.02%
05/20/2024;104.57;0.11%
05/21/2024;104.66;0.09%
05/22/2024;104.93;0.26%
05/23/2024;105.11;0.17%
05/24/2024;104.72;-0.37%
05/27/2024;104.60;-0.12%
05/28/2024;104.61;0.02%
05/29/2024;105.10;0.46%
05/30/2024;104.72;-0.36%
05/31/2024;104.67;-0.04%
6/3/2024;104.14;-0.51%
6/4/2024;104.11;-0.03%
6/5/2024;104.27;0.15%
6/6/2024;104.10;-0.16%
6/7/2024;104.89;0.75%
6/10/2024;105.15;0.25%
6/11/2024;105.23;0.08%
6/12/2024;104.64;-0.56%
06/13/2024;105.20;0.53%
06/14/2024;105.55;0.34%
06/17/2024;105.32;-0.22%
06/18/2024;105.26;-0.06%
06/19/2024;105.25;0.00%
06/20/2024;105.59;0.32%
06/21/2024;105.80;0.20%
06/24/2024;105.47;-0.31%
06/25/2024;105.61;0.13%
06/26/2024;106.05;0.42%
06/27/2024;105.91;-0.14%
06/28/2024;105.87;-0.04%
7/1/2024;105.90;0.03%
7/2/2024;105.72;-0.17%
7/3/2024;105.40;-0.30%
7/4/2024;105.13;-0.26%
7/5/2024;104.88;-0.24%
7/8/2024;105.00;0.12%
7/9/2024;105.13;0.12%
7/10/2024;105.05;-0.08%
7/11/2024;104.44;-0.58%
7/12/2024;104.09;-0.33%
07/15/2024;104.19;0.09%
07/16/2024;104.27;0.08%
07/17/2024;103.75;-0.50%
07/18/2024;104.17;0.41%
07/19/2024;104.40;0.21%
07/22/2024;104.31;-0.08%
07/23/2024;104.45;0.13%
07/24/2024;104.39;-0.06%
07/25/2024;104.36;-0.03%
07/26/2024;104.32;-0.04%
07/29/2024;104.56;0.24%
07/30/2024;104.55;-0.01%
07/31/2024;104.10;-0.44%
8/1/2024;104.42;0.31%
8/2/2024;103.21;-1.16%
8/5/2024;102.69;-0.50%
8/6/2024;102.97;0.27%
8/7/2024;103.20;0.22%
8/8/2024;103.21;0.01%
8/9/2024;103.14;-0.07%
8/12/2024;103.14;0.00%
08/13/2024;102.56;-0.56%
08/14/2024;102.57;0.01%
08/15/2024;102.98;0.40%
08/16/2024;102.46;-0.50%
08/19/2024;101.89;-0.56%
08/20/2024;101.44;-0.44%
08/21/2024;101.04;-0.40%
08/22/2024;101.51;0.46%
08/23/2024;100.72;-0.78%
08/26/2024;100.85;0.13%
08/27/2024;100.55;-0.30%
08/28/2024;101.09;0.54%
08/29/2024;101.34;0.25%
08/30/2024;101.70;0.35%
9/2/2024;101.65;-0.04%
9/3/2024;101.82;0.17%
9/4/2024;101.36;-0.46%
9/5/2024;101.11;-0.25%
9/6/2024;101.18;0.07%
9/9/2024;101.55;0.37%
9/10/2024;101.63;0.08%
9/11/2024;101.68;0.05%
9/12/2024;101.37;-0.31%
09/13/2024;101.11;-0.25%
09/16/2024;100.76;-0.35%
09/17/2024;100.89;0.13%
09/18/2024;100.60;-0.30%
09/19/2024;100.61;0.02%
09/20/2024;100.72;0.11%
09/23/2024;100.85;0.13%
09/24/2024;100.47;-0.38%
09/25/2024;100.91;0.44%
09/26/2024;100.52;-0.39%
09/27/2024;100.38;-0.14%
09/30/2024;100.78;0.40%
10/1/2024;101.19;0.41%
10/2/2024;101.68;0.48%
10/3/2024;101.99;0.31%
10/4/2024;102.52;0.52%
10/7/2024;102.54;0.02%
10/8/2024;102.55;0.01%
10/9/2024;102.93;0.37%
10/10/2024;102.99;0.06%
10/11/2024;102.89;-0.10%
10/14/2024;103.30;0.40%
10/15/2024;103.26;-0.04%
10/16/2024;103.59;0.32%
10/17/2024;103.82;0.23%
10/18/2024;103.49;-0.32%
10/21/2024;104.01;0.50%
10/22/2024;104.07;0.06%
10/23/2024;104.43;0.34%
10/24/2024;104.06;-0.36%
10/25/2024;104.26;0.19%
10/28/2024;104.32;0.06%
10/29/2024;104.32;0.00%
10/30/2024;103.99;-0.31%
10/31/2024;103.98;-0.02%
11/1/2024;104.28;0.29%
11/4/2024;103.89;-0.38%
11/5/2024;103.42;-0.44%
11/6/2024;105.09;1.61%
11/7/2024;104.51;-0.55%
11/8/2024;105.00;0.47%
11/11/2024;105.54;0.52%
11/12/2024;106.02;0.46%
11/13/2024;106.48;0.43%
11/14/2024;106.67;0.18%
11/15/2024;106.69;0.01%
11/18/2024;106.28;-0.39%
11/19/2024;106.21;-0.06%
11/20/2024;106.68;0.45%
11/21/2024;106.97;0.27%
11/22/2024;107.55;0.54%
11/25/2024;106.82;-0.69%
11/26/2024;107.01;0.18%
11/27/2024;106.08;-0.87%
11/28/2024;106.14;0.05%
11/29/2024;105.74;-0.38%
12/2/2024;106.45;0.67%
12/3/2024;106.36;-0.08%
12/4/2024;106.32;-0.04%
12/5/2024;105.71;-0.57%
12/6/2024;106.06;0.32%
12/9/2024;106.14;0.08%
12/10/2024;106.40;0.24%
12/11/2024;106.71;0.29%
12/12/2024;106.96;0.23%
12/13/2024;107.00;0.04%
12/16/2024;106.86;-0.14%
12/17/2024;106.96;0.09%
12/18/2024;108.03;1.00%
12/19/2024;108.41;0.35%
12/20/2024;107.62;-0.73%
12/23/2024;108.04;0.39%
12/24/2024;108.20;0.15%
12/26/2024;108.13;-0.07%
12/27/2024;108.00;-0.12%
12/30/2024;108.13;0.12%
12/31/2024;108.49;0.33%
1/2/2025;109.39;0.84%
1/3/2025;108.95;-0.40%
1/6/2025;108.26;-0.64%
1/7/2025;108.54;0.26%
1/8/2025;109.09;0.50%
1/9/2025;109.18;0.08%
1/10/2025;109.65;0.43%
01/13/2025;109.96;0.28%
01/14/2025;109.27;-0.62%
01/15/2025;109.09;-0.17%
01/16/2025;108.96;-0.12%
01/17/2025;109.35;0.36%
01/20/2025;109.35;0.00%
01/21/2025;108.06;-1.18%
01/22/2025;108.17;0.10%
01/23/2025;108.05;-0.11%
01/24/2025;107.44;-0.56%
01/27/2025;107.34;-0.09%
01/28/2025;107.87;0.49%
01/29/2025;108.00;0.12%
01/30/2025;107.80;-0.19%
01/31/2025;108.37;0.53%
2/3/2025;108.99;0.57%
2/4/2025;107.96;-0.95%
2/5/2025;107.58;-0.35%
2/6/2025;107.69;0.10%
2/7/2025;108.04;0.33%
2/10/2025;108.32;0.26%
2/11/2025;107.96;-0.33%
2/12/2025;107.94;-0.02%
02/13/2025;107.31;-0.58%
02/14/2025;106.71;-0.56%
02/17/2025;106.57;-0.13%
02/18/2025;107.05;0.45%
02/19/2025;107.17;0.11%
02/20/2025;106.37;-0.75%
02/21/2025;106.61;0.23%
02/24/2025;106.60;-0.02%
02/25/2025;106.31;-0.27%
02/26/2025;106.42;0.10%
02/27/2025;107.24;0.78%
02/28/2025;107.61;0.35%
3/3/2025;106.75;-0.81%
3/4/2025;105.74;-0.94%
3/5/2025;104.30;-1.36%
3/6/2025;104.06;-0.23%
3/7/2025;103.84;-0.22%
3/10/2025;103.97;0.13%
3/11/2025;103.29;-0.66%
3/12/2025;103.61;0.31%
03/13/2025;103.83;0.21%
03/14/2025;103.72;-0.11%
03/17/2025;103.37;-0.34%
03/18/2025;103.24;-0.12%
03/19/2025;103.43;0.18%
03/20/2025;103.85;0.41%
03/21/2025;104.09;0.23%
03/24/2025;104.26;0.17%
03/25/2025;104.18;-0.07%
03/26/2025;104.55;0.35%
03/27/2025;104.33;-0.20%
03/28/2025;104.04;-0.28%
03/31/2025;104.21;0.16%
4/1/2025;104.26;0.05%
